production_date,line_key,gallons,pallets
2025-03-03,DRUMS,1320.000,6.000000
2025-03-03,GAL COOL,2310.000,10.600000
2025-03-03,QUARTS,1023.000,4.000000
2025-03-03,TOTES,270.000,3.000000
2025-03-04,5QT,450.000,2.000000
2025-03-04,DEF 1*2.5,460.000,2.000000
2025-03-04,DEF 2*2.5,220.000,1.000000
2025-03-04,DRUMS,220.000,1.000000
2025-03-04,GAL COOL,444.000,2.000000
2025-03-04,GAL OIL,720.000,3.000000
2025-03-04,PAIL,1690.000,6.000000
2025-03-04,QUARTS,825.000,3.200000
2025-03-05,5QT,113.000,0.500000
2025-03-05,DRUMS,1430.000,6.500000
2025-03-05,GAL COOL,1296.000,6.000000
2025-03-05,GAL OIL,480.000,2.000000
2025-03-05,PAIL,1075.000,3.800000
2025-03-05,QUARTS,918.000,3.600000
2025-03-05,TOTES,925.000,3.000000
2025-03-06,5QT,675.000,3.000000
2025-03-06,DEF 1*2.5,690.000,3.000000
2025-03-06,DRUMS,1595.000,7.250000
2025-03-06,GAL COOL,864.000,4.000000
2025-03-06,PAIL,315.000,1.125000
2025-03-06,QUARTS,1080.000,4.285714
2025-03-07,DEF 2*2.5,550.000,2.500000
2025-03-07,DRUMS,2200.000,10.000000
2025-03-07,GAL COOL,372.000,1.722222
2025-03-07,GAL OIL,676.000,2.816667
2025-03-07,QUARTS,966.000,3.833333
2025-03-07,TOTES,780.000,3.035019
2025-03-10,5QT,900.000,4.000000
2025-03-10,DRUMS,2255.000,10.250000
2025-03-10,GAL OIL,320.000,1.333333
2025-03-10,QUARTS,630.000,2.500000
2025-03-10,TOTES,3030.000,11.789883
2025-03-11,DRUMS,1870.000,8.500000
2025-03-11,GAL COOL,1944.000,9.000000
2025-03-11,PAIL,1025.000,3.660714
2025-03-11,TOTES,4545.000,17.684825
2025-03-12,5QT,738.750,3.283333
2025-03-12,DEF 1*2.5,690.000,3.000000
2025-03-12,DRUMS,2310.000,10.500000
2025-03-12,GAL COOL,864.000,4.000000
2025-03-12,GAL OIL,416.000,1.733333
2025-03-12,PAIL,590.000,2.107143
2025-03-13,5QT,442.500,1.966667
2025-03-13,DEF 1*2.5,690.000,3.000000
2025-03-13,DRUMS,330.000,1.500000
2025-03-13,GAL OIL,440.000,1.833333
2025-03-13,PAIL,2210.000,7.892857
2025-03-13,QUARTS,511.500,2.029762
2025-03-14,5QT,840.000,3.733333
2025-03-14,DEF 1*2.5,690.000,3.000000
2025-03-14,DRUMS,880.000,4.000000
2025-03-14,GAL COOL,180.000,0.833333
2025-03-14,PAIL,1790.000,6.392857
2025-03-14,QUARTS,400.500,1.589286
2025-03-14,TOTES,250.000,0.972763
2025-03-17,5QT,225.000,1.000000
2025-03-17,DEF 1*2.5,690.000,3.000000
2025-03-17,DRUMS,1540.000,7.000000
2025-03-17,GAL COOL,504.000,2.333333
2025-03-17,PAIL,935.000,3.339286
2025-03-17,QUARTS,561.000,2.226190
2025-03-17,TOTES,250.000,0.972763
2025-03-18,5QT,712.500,3.166667
2025-03-18,DEF 1*2.5,690.000,3.000000
2025-03-18,DRUMS,220.000,1.000000
2025-03-18,GAL COOL,1134.000,5.250000
2025-03-18,PAIL,700.000,2.500000
2025-03-18,QUARTS,1038.000,4.119048
2025-03-18,TOTES,1250.000,4.863813
2025-03-19,5QT,675.000,3.000000
2025-03-19,DRUMS,1540.000,7.000000
2025-03-19,GAL COOL,984.000,4.555556
2025-03-19,PAIL,920.000,3.285714
2025-03-19,QUARTS,990.000,3.928571
2025-03-19,TOTES,250.000,0.972763
2025-03-20,DEF 1*2.5,690.000,3.000000
2025-03-20,DRUMS,2475.000,11.250000
2025-03-20,GAL COOL,1512.000,7.000000
2025-03-20,PAIL,995.000,3.553571
2025-03-21,5QT,232.500,1.033333
2025-03-21,DEF 1*2.5,397.500,1.728261
2025-03-21,DEF 2*2.5,220.000,1.000000
2025-03-21,DRUMS,1320.000,6.000000
2025-03-21,GAL OIL,596.000,2.483333
2025-03-21,PAIL,1251.000,4.467857
2025-03-21,QUARTS,813.000,3.226190
2025-03-24,DEF 1*2.5,982.500,4.271739
2025-03-24,DRUMS,2915.000,13.250000
2025-03-24,GAL OIL,320.000,1.333333
2025-03-24,PAIL,560.000,2.000000
2025-03-24,QUARTS,15.000,0.059524
2025-03-25,DEF 1*2.5,805.000,3.500000
2025-03-25,DRUMS,110.000,0.500000
2025-03-25,GAL COOL,864.000,4.000000
2025-03-25,GAL OIL,132.000,0.550000
2025-03-25,PAIL,1700.000,6.071429
2025-03-25,QUARTS,999.000,3.964286
2025-03-26,DEF 1*2.5,690.000,3.000000
2025-03-26,DRUMS,935.000,4.250000
2025-03-26,GAL COOL,216.000,1.000000
2025-03-26,PAIL,1350.000,4.821429
2025-03-26,QUARTS,717.000,2.845238
2025-03-27,GAL COOL,3246.000,15.027778
2025-03-27,PAIL,1135.000,4.053571
2025-03-27,QUARTS,951.000,3.773810
2025-03-27,TOTES,2120.000,8.249027
2025-03-28,5QT,1125.000,5.000000
2025-03-28,DRUMS,715.000,3.250000
2025-03-28,GAL COOL,876.000,4.055556
2025-03-28,PAIL,865.000,3.089286
2025-03-28,QUARTS,972.000,3.857143
2025-03-28,TOTES,2090.000,8.132296
2025-03-31,5QT,948.750,4.216667
2025-03-31,DRUMS,880.000,4.000000
2025-03-31,GAL COOL,972.000,4.500000
2025-03-31,PAIL,1040.000,3.714286
2025-03-31,QUARTS,795.000,3.154762
2025-04-01,DRUMS,880.000,4.000000
2025-04-01,GAL COOL,534.000,2.472222
2025-04-01,GAL OIL,1372.000,5.716667
2025-04-01,PAIL,1055.000,3.767857
2025-04-01,QUARTS,756.000,3.000000
2025-04-01,TOTES,1060.000,0.000000
2025-04-02,DEF 1*2.5,230.000,1.000000
2025-04-02,DEF 2*2.5,485.000,0.000000
2025-04-02,DRUMS,1210.000,5.500000
2025-04-02,GAL COOL,3132.000,14.500000
2025-04-02,PAIL,280.000,1.000000
2025-04-03,5QT,1095.000,4.866667
2025-04-03,DRUMS,1045.000,4.750000
2025-04-03,GAL COOL,108.000,0.500000
2025-04-03,PAIL,675.000,2.410714
2025-04-03,QUARTS,654.000,2.595238
2025-04-03,TOTES,500.000,0.000000
2025-04-04,GAL COOL,2358.000,10.916667
2025-04-04,PAIL,855.000,3.053571
2025-04-07,DRUMS,3135.000,14.250000
2025-04-07,GAL OIL,948.000,3.950000
2025-04-08,5QT,1830.000,8.133333
2025-04-08,DRUMS,770.000,3.500000
2025-04-08,PAIL,1220.000,4.357143
2025-04-08,TOTES,795.000,3.093385
2025-04-09,5QT,990.000,4.400000
2025-04-09,DRUMS,385.000,1.750000
2025-04-09,GAL COOL,486.000,2.250000
2025-04-09,GAL OIL,308.000,1.283333
2025-04-09,PAIL,430.000,1.535714
2025-04-10,DRUMS,220.000,1.000000
2025-04-10,GAL COOL,1830.000,8.472222
2025-04-10,PAIL,750.000,2.678571
2025-04-10,TOTES,265.000,1.031128
2025-04-11,GAL COOL,1674.000,7.750000
2025-04-11,PAIL,245.000,0.875000
2025-04-11,QUARTS,399.000,1.583333
2025-04-14,DRUMS,1430.000,6.500000
2025-04-14,GAL COOL,2382.000,11.027778
2025-04-14,PAIL,140.000,0.500000
2025-04-14,QUARTS,876.000,3.476190
2025-04-15,5QT,1068.750,4.750000
2025-04-15,PAIL,720.000,2.571429
2025-04-15,QUARTS,675.000,2.678571
2025-04-16,DRUMS,1430.000,6.500000
2025-04-16,GAL COOL,1404.000,6.500000
2025-04-16,GAL OIL,524.000,2.183333
2025-04-16,PAIL,755.000,2.696429
2025-04-16,QUARTS,495.000,1.964286
2025-04-16,TOTES,500.000,1.945525
2025-04-17,DRUMS,1210.000,5.500000
2025-04-17,GAL COOL,2514.000,11.638889
2025-04-17,GAL OIL,280.000,1.166667
2025-04-17,PAIL,1160.000,4.142857
2025-04-17,QUARTS,81.000,0.321429
2025-04-17,TOTES,1590.000,6.186770
2025-04-18,5QT,112.500,0.500000
2025-04-18,DEF 1*2.5,1380.000,6.000000
2025-04-18,DRUMS,1430.000,6.500000
2025-04-18,GAL OIL,416.000,1.733333
2025-04-18,PAIL,1040.000,3.714286
2025-04-18,QUARTS,759.000,3.011905
2025-04-18,TOTES,795.000,3.093385
2025-04-21,DEF 1*2.5,690.000,3.000000
2025-04-21,DRUMS,660.000,3.000000
2025-04-21,GAL COOL,1374.000,6.361111
2025-04-21,PAIL,775.000,2.767857
2025-04-21,TOTES,860.000,3.346304
2025-04-22,5QT,840.000,3.733333
2025-04-22,DEF 2*2.5,660.000,3.000000
2025-04-22,DRUMS,440.000,2.000000
2025-04-22,PAIL,1040.000,3.714286
2025-04-22,QUARTS,486.000,1.928571
2025-04-23,DEF 1*2.5,690.000,3.000000
2025-04-23,GAL COOL,1709.000,7.912037
2025-04-23,PAIL,264.000,0.942857
2025-04-23,TOTES,1855.000,7.217899
2025-04-24,DEF 1*2.5,690.000,3.000000
2025-04-24,GAL COOL,2276.000,10.537037
2025-04-24,PAIL,560.000,2.000000
2025-04-24,TOTES,830.000,3.229572
2025-04-25,DRUMS,1815.000,8.250000
2025-04-25,GAL COOL,1620.000,7.500000
2025-04-25,PAIL,1000.000,3.571429
2025-04-25,QUARTS,705.000,2.797619
2025-04-28,DRUMS,2585.000,11.750000
2025-04-28,GAL COOL,216.000,1.000000
2025-04-28,GAL OIL,536.000,2.233333
2025-04-28,PAIL,1155.000,4.125000
2025-04-28,QUARTS,462.000,1.833333
2025-04-29,DRUMS,1540.000,7.000000
2025-04-29,GAL COOL,480.000,2.222222
2025-04-29,GAL OIL,724.000,3.016667
2025-04-29,PAIL,1070.000,3.821429
2025-04-29,QUARTS,945.000,3.750000
2025-04-29,TOTES,530.000,2.062257
2025-04-30,5QT,731.250,3.250000
2025-04-30,DRUMS,715.000,3.250000
2025-04-30,GAL OIL,480.000,2.000000
2025-04-30,PAIL,1090.000,3.892857
2025-04-30,QUARTS,858.000,3.404762
2025-04-30,TOTES,1060.000,4.124514
2025-05-01,DRUMS,440.000,2.000000
2025-05-01,GAL COOL,1746.000,8.083333
2025-05-01,GAL OIL,240.000,1.000000
2025-05-01,PAIL,930.000,3.321429
2025-05-01,QUARTS,81.000,0.321429
2025-05-02,5QT,450.000,2.000000
2025-05-02,DRUMS,1210.000,5.500000
2025-05-02,GAL COOL,1368.000,6.333333
2025-05-02,PAIL,875.000,3.125000
2025-05-02,QUARTS,625.500,2.482143
2025-05-05,DEF 1*2.5,690.000,3.000000
2025-05-05,DRUMS,880.000,4.000000
2025-05-05,GAL COOL,1926.000,8.916667
2025-05-06,DEF 1*2.5,1200.000,5.217391
2025-05-06,DRUMS,1540.000,7.000000
2025-05-06,GAL COOL,732.000,3.388889
2025-05-06,PAIL,840.000,3.000000
2025-05-06,TOTES,1260.000,4.754717
2025-05-07,DEF 1*2.5,1282.500,5.576087
2025-05-07,DRUMS,1155.000,5.250000
2025-05-07,GAL COOL,1002.000,4.638889
2025-05-07,GAL OIL,356.000,1.483333
2025-05-07,TOTES,1060.000,4.124514
2025-05-08,5QT,450.000,2.000000
2025-05-08,DEF 1*2.5,327.500,1.423913
2025-05-08,DEF 2*2.5,220.000,1.000000
2025-05-08,DRUMS,660.000,3.000000
2025-05-08,GAL COOL,684.000,3.166667
2025-05-08,PAIL,874.000,3.121429
2025-05-08,QUARTS,666.000,2.642857
2025-05-08,TOTES,265.000,1.031128
2025-05-09,DEF 1*2.5,460.000,2.000000
2025-05-09,DEF 2*2.5,220.000,1.000000
2025-05-09,DRUMS,825.000,3.750000
2025-05-09,GAL COOL,1476.000,6.833333
2025-05-09,PAIL,1115.000,3.982143
2025-05-09,QUARTS,684.000,2.714286
2025-05-12,DEF 2*2.5,690.000,3.000000
2025-05-12,DRUMS,275.000,1.250000
2025-05-12,GAL COOL,1728.000,8.000000
2025-05-12,QUARTS,804.000,3.190476
2025-05-12,TOTES,1045.000,4.066148
2025-05-13,DEF 1*2.5,690.000,3.000000
2025-05-13,DRUMS,55.000,0.250000
2025-05-13,GAL OIL,692.000,2.883333
2025-05-13,PAIL,1070.000,3.821429
2025-05-13,QUARTS,456.000,1.809524
2025-05-13,TOTES,3500.000,13.618677
2025-05-14,DEF 1*2.5,52.500,0.228261
2025-05-14,DEF 2*2.5,880.000,3.826087
2025-05-14,GAL COOL,1764.000,8.166667
2025-05-14,PAIL,590.000,2.107143
2025-05-14,TOTES,1750.000,6.809339
2025-05-15,DEF 1*2.5,460.000,2.000000
2025-05-15,DEF 2*2.5,220.000,0.956522
2025-05-15,DRUMS,1430.000,5.674603
2025-05-15,GAL COOL,1080.000,5.000000
2025-05-15,PAIL,200.000,0.714286
2025-05-16,5QT,806.250,3.199405
2025-05-16,DEF 1*2.5,1150.000,5.000000
2025-05-16,DRUMS,2530.000,10.039683
2025-05-16,GAL OIL,200.000,0.793651
2025-05-16,TOTES,500.000,1.945525
2025-05-19,5QT,600.000,2.380952
2025-05-19,DRUMS,330.000,1.309524
2025-05-19,GAL COOL,372.000,1.722222
2025-05-19,PAIL,985.000,3.517857
2025-05-19,TOTES,1250.000,4.863813
2025-05-20,DRUMS,880.000,3.492063
2025-05-20,GAL COOL,1608.000,7.444444
2025-05-20,PAIL,975.000,3.482143
2025-05-20,TOTES,500.000,1.945525
2025-05-21,DRUMS,1320.000,5.238095
2025-05-21,GAL COOL,1836.000,8.500000
2025-05-21,QUARTS,600.000,2.380952
2025-05-21,TOTES,1015.000,3.949416
2025-05-22,DRUMS,2035.000,8.075397
2025-05-22,GAL COOL,306.000,1.416667
2025-05-22,GAL OIL,720.000,2.857143
2025-05-22,PAIL,315.000,1.125000
2025-05-22,QUARTS,819.000,3.250000
2025-05-23,DRUMS,990.000,3.928571
2025-05-23,GAL OIL,756.000,3.000000
2025-05-23,PAIL,1185.000,4.232143
2025-05-23,QUARTS,427.500,1.696429
2025-05-23,TOTES,780.000,3.035019
2025-05-27,DRUMS,1155.000,4.583333
2025-05-27,GAL COOL,1620.000,7.500000
2025-05-27,PAIL,560.000,2.000000
2025-05-27,QUARTS,759.000,3.011905
2025-05-27,TOTES,250.000,0.972763
2025-05-28,5QT,397.500,1.577381
2025-05-28,DEF 1*2.5,690.000,3.000000
2025-05-28,DRUMS,1540.000,6.111111
2025-05-28,GAL OIL,256.000,1.015873
2025-05-28,PAIL,1085.000,3.875000
2025-05-28,QUARTS,514.500,2.041667
2025-05-28,TOTES,750.000,2.918288
2025-05-29,DRUMS,990.000,3.928571
2025-05-29,GAL COOL,1836.000,8.500000
2025-05-29,PAIL,1260.000,4.500000
2025-05-29,QUARTS,519.000,2.059524
2025-05-30,DRUMS,1100.000,4.365079
2025-05-30,GAL COOL,2160.000,10.000000
2025-05-30,PAIL,615.000,2.196429
2025-05-30,QUARTS,765.000,0.000000
2025-05-30,TOTES,795.000,3.093385
2025-06-02,DRUMS,440.000,1.746032
2025-06-02,GAL COOL,1848.000,8.555556
2025-06-02,PAIL,785.000,2.803571
2025-06-02,QUARTS,534.000,2.119048
2025-06-02,TOTES,795.000,3.093385
2025-06-03,DRUMS,1430.000,5.674603
2025-06-03,GAL COOL,2412.000,11.166667
2025-06-03,PAIL,540.000,1.928571
2025-06-03,QUARTS,849.000,3.369048
2025-06-04,5QT,525.000,2.333333
2025-06-04,DRUMS,1760.000,6.984127
2025-06-04,GAL COOL,828.000,3.833333
2025-06-04,PAIL,1040.000,3.714286
2025-06-04,QUARTS,591.000,2.345238
2025-06-05,5QT,450.000,2.000000
2025-06-05,DRUMS,1155.000,4.583333
2025-06-05,GAL COOL,1680.000,7.777778
2025-06-05,PAIL,1150.000,4.107143
2025-06-05,QUARTS,750.000,2.976190
2025-06-05,TOTES,795.000,3.093385
2025-06-06,DEF 2*2.5,550.000,2.500000
2025-06-06,DRUMS,1100.000,4.365079
2025-06-06,GAL COOL,918.000,4.250000
2025-06-06,PAIL,820.000,2.928571
2025-06-06,QUARTS,354.000,1.404762
2025-06-06,TOTES,1590.000,6.186770
2025-06-09,DEF 1*2.5,1150.000,5.000000
2025-06-09,DRUMS,110.000,0.436508
2025-06-09,GAL OIL,776.000,3.233333
2025-06-09,PAIL,1005.000,3.589286
2025-06-09,TOTES,1590.000,6.186770
2025-06-10,5QT,472.500,2.100000
2025-06-10,DEF 1*2.5,690.000,3.000000
2025-06-10,DRUMS,1485.000,5.892857
2025-06-10,GAL COOL,360.000,1.666667
2025-06-10,GAL OIL,360.000,1.500000
2025-06-10,PAIL,660.000,2.357143
2025-06-10,QUARTS,648.000,2.571429
2025-06-11,5QT,337.500,1.500000
2025-06-11,DEF 1*2.5,690.000,3.000000
2025-06-11,DRUMS,990.000,3.928571
2025-06-11,GAL OIL,820.000,3.416667
2025-06-11,PAIL,1000.000,3.571429
2025-06-11,QUARTS,822.000,3.261905
2025-06-11,TOTES,530.000,2.062257
2025-06-12,DRUMS,1540.000,6.111111
2025-06-12,GAL COOL,1344.000,6.222222
2025-06-12,PAIL,890.000,3.178571
2025-06-12,QUARTS,612.000,2.428571
2025-06-13,DEF 1*2.5,690.000,3.000000
2025-06-13,DRUMS,935.000,3.710317
2025-06-13,GAL OIL,756.000,3.150000
2025-06-13,PAIL,1080.000,3.857143
2025-06-13,QUARTS,498.000,1.976190
2025-06-16,DEF 1*2.5,690.000,3.000000
2025-06-16,DRUMS,6160.000,24.444444
2025-06-16,GAL OIL,984.000,4.100000
2025-06-16,QUARTS,762.000,3.023810
2025-06-17,5QT,675.000,3.000000
2025-06-17,DEF 1*2.5,690.000,3.000000
2025-06-17,GAL OIL,576.000,2.400000
2025-06-17,PAIL,1000.000,3.571429
2025-06-17,QUARTS,1053.000,4.178571
2025-06-17,TOTES,1060.000,4.124514
2025-06-18,5QT,787.500,3.500000
2025-06-18,DEF 1*2.5,690.000,3.000000
2025-06-18,DRUMS,5390.000,21.388889
2025-06-18,GAL COOL,864.000,4.000000
2025-06-18,PAIL,995.000,3.553571
2025-06-18,QUARTS,915.000,3.630952
2025-06-18,TOTES,500.000,1.945525
2025-06-19,DEF 1*2.5,1150.000,5.000000
2025-06-19,DRUMS,880.000,3.492063
2025-06-19,GAL COOL,972.000,4.500000
2025-06-19,PAIL,815.000,2.910714
2025-06-19,QUARTS,708.000,2.809524
2025-06-19,TOTES,250.000,0.972763
2025-06-20,5QT,67.500,0.300000
2025-06-20,DEF 1*2.5,1150.000,5.000000
2025-06-20,DRUMS,385.000,1.527778
2025-06-20,GAL OIL,608.000,2.533333
2025-06-20,PAIL,750.000,2.678571
2025-06-20,QUARTS,658.500,2.613095
2025-06-20,TOTES,1590.000,6.186770
2025-06-23,5QT,382.500,1.700000
2025-06-23,DEF 1*2.5,690.000,3.000000
2025-06-23,DRUMS,1980.000,7.857143
2025-06-23,PAIL,455.000,1.625000
2025-06-23,QUARTS,789.000,3.130952
2025-06-23,TOTES,1060.000,4.124514
2025-06-24,5QT,450.000,2.000000
2025-06-24,DRUMS,2310.000,9.166667
2025-06-24,GAL OIL,692.000,2.883333
2025-06-24,PAIL,635.000,2.267857
2025-06-24,QUARTS,1308.000,5.190476
2025-06-25,DRUMS,1430.000,5.674603
2025-06-25,GAL OIL,1448.000,6.033333
2025-06-25,PAIL,810.000,2.892857
2025-06-25,QUARTS,1218.000,4.833333
2025-06-26,5QT,450.000,2.000000
2025-06-26,DRUMS,55.000,0.218254
2025-06-26,GAL OIL,480.000,2.000000
2025-06-26,PAIL,915.000,3.267857
2025-06-26,QUARTS,1038.000,4.119048
2025-06-26,TOTES,1295.000,5.038911
2025-06-27,GAL COOL,1878.000,8.694444
2025-06-27,PAIL,1045.000,3.732143
2025-06-27,QUARTS,819.000,3.250000
2025-06-27,TOTES,1325.000,5.155642
2025-06-30,DRUMS,1980.000,7.857143
2025-06-30,GAL COOL,1200.000,5.555556
2025-06-30,GAL OIL,328.000,1.366667
2025-06-30,PAIL,280.000,1.000000
2025-06-30,QUARTS,1173.000,4.654762
2025-06-30,TOTES,530.000,2.062257
2025-07-01,5QT,393.750,1.750000
2025-07-01,DRUMS,990.000,3.928571
2025-07-01,GAL COOL,948.000,4.388889
2025-07-01,PAIL,1425.000,5.089286
2025-07-01,QUARTS,1128.000,4.476190
2025-07-01,TOTES,265.000,1.031128
2025-07-02,DRUMS,440.000,1.746032
2025-07-02,GAL OIL,1392.000,5.800000
2025-07-02,PAIL,1920.000,6.857143
2025-07-02,QUARTS,1221.000,4.845238
2025-07-02,TOTES,1060.000,4.124514
2025-07-03,DRUMS,880.000,3.492063
2025-07-03,PAIL,1910.000,6.821429
2025-07-03,QUARTS,801.000,3.178571
2025-07-03,TOTES,1500.000,5.836576
2025-07-07,DEF 1*2.5,690.000,3.000000
2025-07-07,DRUMS,1265.000,5.019841
2025-07-07,GAL COOL,864.000,4.000000
2025-07-07,PAIL,1120.000,4.000000
2025-07-07,QUARTS,810.000,3.214286
2025-07-07,TOTES,250.000,0.972763
2025-07-08,5QT,1125.000,5.000000
2025-07-08,GAL COOL,360.000,1.666667
2025-07-08,PAIL,1665.000,5.946429
2025-07-08,QUARTS,721.500,2.863095
2025-07-08,TOTES,1060.000,4.124514
2025-07-09,5QT,675.000,3.000000
2025-07-09,GAL COOL,720.000,3.333333
2025-07-09,PAIL,1900.000,6.785714
2025-07-09,QUARTS,660.000,2.619048
2025-07-09,TOTES,795.000,3.093385
2025-07-10,DRUMS,1320.000,5.238095
2025-07-10,GAL COOL,180.000,0.833333
2025-07-10,PAIL,1440.000,5.142857
2025-07-10,QUARTS,834.000,3.309524
2025-07-11,GAL COOL,2130.000,9.861111
2025-07-11,PAIL,1140.000,4.071429
2025-07-11,QUARTS,1005.000,3.988095
2025-07-14,DRUMS,1100.000,4.365079
2025-07-14,GAL COOL,1800.000,8.333333
2025-07-14,QUARTS,747.000,2.964286
2025-07-14,TOTES,795.000,3.093385
2025-07-15,5QT,371.250,1.650000
2025-07-15,DRUMS,2035.000,8.075397
2025-07-15,GAL COOL,564.000,2.611111
2025-07-15,GAL OIL,504.000,2.100000
2025-07-15,PAIL,1045.000,3.732143
2025-07-15,QUARTS,1062.000,4.214286
2025-07-15,TOTES,250.000,0.972763
2025-07-16,5QT,78.750,0.350000
2025-07-16,DRUMS,1100.000,4.365079
2025-07-16,GAL COOL,1296.000,6.000000
2025-07-16,PAIL,945.000,3.375000
2025-07-16,QUARTS,936.000,3.714286
2025-07-17,DRUMS,2585.000,10.257937
2025-07-17,GAL OIL,764.000,3.183333
2025-07-17,PAIL,555.000,1.982143
2025-07-17,QUARTS,903.000,3.583333
2025-07-17,TOTES,265.000,1.031128
2025-07-18,DRUMS,880.000,3.492063
2025-07-18,GAL COOL,1674.000,7.750000
2025-07-18,GAL OIL,400.000,1.666667
2025-07-18,PAIL,470.000,1.678571
2025-07-18,QUARTS,1008.000,4.000000
2025-07-18,TOTES,530.000,2.062257
2025-07-21,DRUMS,1045.000,4.146825
2025-07-21,GAL COOL,2538.000,11.750000
2025-07-21,PAIL,305.000,1.089286
2025-07-21,QUARTS,619.500,2.458333
2025-07-21,TOTES,530.000,2.062257
2025-07-22,DRUMS,1815.000,7.202381
2025-07-22,PAIL,280.000,1.000000
2025-07-22,QUARTS,906.000,3.595238
2025-07-22,TOTES,530.000,2.062257
2025-07-23,DRUMS,275.000,1.091270
2025-07-23,GAL COOL,3240.000,15.000000
2025-07-23,PAIL,1060.000,3.785714
2025-07-23,QUARTS,1008.000,4.000000
2025-07-24,DRUMS,880.000,3.492063
2025-07-24,GAL COOL,2354.000,10.898148
2025-07-24,PAIL,840.000,3.000000
2025-07-24,QUARTS,801.000,3.178571
2025-07-24,TOTES,795.000,3.093385
2025-07-25,DEF 2*2.5,270.000,1.227273
2025-07-25,DRUMS,2200.000,8.730159
2025-07-25,GAL COOL,1226.000,5.675926
2025-07-25,PAIL,930.000,3.321429
2025-07-25,QUARTS,751.500,2.982143
2025-07-28,DEF 2*2.5,75.000,0.340909
2025-07-28,DRUMS,2640.000,10.476190
2025-07-28,GAL OIL,920.000,3.833333
2025-07-28,QUARTS,753.000,2.988095
2025-07-28,TOTES,265.000,1.031128
2025-07-29,DEF 2*2.5,755.000,3.431818
2025-07-29,DRUMS,1980.000,7.857143
2025-07-29,GAL OIL,996.000,4.150000
2025-07-29,QUARTS,783.000,3.107143
2025-07-29,TOTES,265.000,1.031128
2025-07-30,5QT,1200.000,5.333333
2025-07-30,DRUMS,1815.000,7.202381
2025-07-30,PAIL,580.000,2.071429
2025-07-30,QUARTS,873.000,3.464286
2025-07-30,TOTES,265.000,1.031128
2025-07-31,DRUMS,8085.000,32.083333
2025-07-31,GAL OIL,856.000,3.566667
2025-07-31,PAIL,395.000,1.410714
2025-07-31,QUARTS,927.000,3.678571
2025-08-01,DRUMS,330.000,1.309524
2025-08-01,GAL COOL,1728.000,8.000000
2025-08-01,GAL OIL,300.000,1.250000
2025-08-01,PAIL,1530.000,5.464286
2025-08-01,QUARTS,615.000,2.440476
2025-08-04,DRUMS,1540.000,6.111111
2025-08-04,GAL COOL,864.000,4.000000
2025-08-04,GAL OIL,680.000,2.833333
2025-08-04,PAIL,1740.000,6.214286
2025-08-04,QUARTS,633.000,2.511905
2025-08-05,DRUMS,55.000,0.218254
2025-08-05,GAL COOL,972.000,4.500000
2025-08-05,PAIL,1485.000,5.303571
2025-08-05,QUARTS,804.000,3.190476
2025-08-05,TOTES,1310.000,5.097276
2025-08-06,5QT,562.500,2.500000
2025-08-06,DRUMS,2200.000,8.730159
2025-08-06,GAL COOL,900.000,4.166667
2025-08-06,PAIL,1730.000,6.178571
2025-08-06,QUARTS,345.000,1.369048
2025-08-07,5QT,112.500,0.500000
2025-08-07,DRUMS,1155.000,4.583333
2025-08-07,GAL COOL,1728.000,8.000000
2025-08-07,PAIL,1130.000,4.035714
2025-08-07,QUARTS,588.000,2.333333
2025-08-07,TOTES,795.000,3.093385
2025-08-08,DRUMS,2530.000,10.039683
2025-08-08,GAL COOL,1620.000,7.500000
2025-08-08,QUARTS,942.000,3.738095
2025-08-08,TOTES,1030.000,4.007782
2025-08-11,DRUMS,660.000,2.619048
2025-08-11,GAL COOL,682.000,3.157407
2025-08-11,GAL OIL,492.000,2.050000
2025-08-11,PAIL,1040.000,3.714286
2025-08-11,QUARTS,801.000,3.178571
2025-08-12,DRUMS,715.000,2.837302
2025-08-12,GAL OIL,1396.000,5.816667
2025-08-12,PAIL,1713.000,6.117857
2025-08-12,QUARTS,531.000,2.107143
2025-08-13,5QT,1001.250,4.450000
2025-08-13,DRUMS,110.000,0.436508
2025-08-13,GAL OIL,360.000,1.500000
2025-08-13,PAIL,1810.000,6.464286
2025-08-13,QUARTS,552.000,2.190476
2025-08-13,TOTES,265.000,1.031128
2025-08-14,5QT,862.500,3.833333
2025-08-14,DRUMS,1100.000,4.365079
2025-08-14,GAL OIL,600.000,2.500000
2025-08-14,PAIL,1120.000,4.000000
2025-08-14,QUARTS,918.000,3.642857
2025-08-14,TOTES,5675.000,22.081712
2025-08-15,DEF 1*2.5,1007.500,4.380435
2025-08-15,DRUMS,220.000,0.873016
2025-08-15,GAL COOL,864.000,4.000000
2025-08-15,GAL OIL,376.000,1.566667
2025-08-15,PAIL,1480.000,5.285714
2025-08-15,QUARTS,891.000,3.535714
2025-08-15,TOTES,1060.000,4.124514
2025-08-18,5QT,562.500,2.500000
2025-08-18,DEF 1*2.5,602.500,2.619565
2025-08-18,DRUMS,2090.000,8.293651
2025-08-18,GAL OIL,688.000,2.866667
2025-08-18,PAIL,1015.000,3.625000
2025-08-18,QUARTS,886.500,3.517857
2025-08-19,DEF 1*2.5,1150.000,5.000000
2025-08-19,DRUMS,880.000,3.492063
2025-08-19,GAL COOL,1974.000,9.138889
2025-08-19,PAIL,1155.000,4.125000
2025-08-19,QUARTS,852.000,3.380952
2025-08-20,DEF 1*2.5,690.000,3.000000
2025-08-20,DRUMS,2695.000,10.694444
2025-08-20,GAL COOL,1746.000,8.083333
2025-08-20,QUARTS,792.000,3.142857
2025-08-20,TOTES,265.000,1.031128
2025-08-21,DEF 1*2.5,690.000,3.000000
2025-08-21,DRUMS,880.000,3.492063
2025-08-21,GAL COOL,2160.000,10.000000
2025-08-21,PAIL,528.000,1.885714
2025-08-21,QUARTS,702.000,2.785714
2025-08-21,TOTES,530.000,2.062257
2025-08-22,DRUMS,1595.000,6.329365
2025-08-22,GAL COOL,1248.000,5.777778
2025-08-22,PAIL,1495.000,5.339286
2025-08-22,QUARTS,780.000,5.000000
2025-08-22,TOTES,1060.000,4.124514
2025-08-25,DEF 1*2.5,460.000,2.000000
2025-08-25,DEF 2*2.5,220.000,1.000000
2025-08-25,DRUMS,660.000,2.619048
2025-08-25,GAL COOL,1944.000,9.000000
2025-08-25,PAIL,935.000,3.339286
2025-08-25,QUARTS,828.000,3.285714
2025-08-25,TOTES,1060.000,4.124514
2025-08-26,5QT,1113.750,4.950000
2025-08-26,DRUMS,2530.000,10.039683
2025-08-26,GAL COOL,540.000,2.500000
2025-08-26,PAIL,1100.000,3.928571
2025-08-26,QUARTS,693.000,2.750000
2025-08-26,TOTES,660.000,2.568093
2025-08-27,5QT,1575.000,7.000000
2025-08-27,DEF 1*2.5,1117.500,4.858696
2025-08-27,DEF 2*2.5,15.000,0.068182
2025-08-27,DRUMS,1760.000,6.984127
2025-08-27,PAIL,1095.000,3.910714
2025-08-27,QUARTS,885.000,3.511905
2025-08-27,TOTES,190.000,0.739300
2025-08-28,5QT,881.250,3.916667
2025-08-28,DEF 1*2.5,1182.500,5.141304
2025-08-28,DRUMS,1375.000,5.456349
2025-08-28,PAIL,2260.000,8.071429
2025-08-28,QUARTS,654.000,2.595238
2025-08-28,TOTES,265.000,1.031128
2025-08-29,DEF 1*2.5,690.000,3.000000
2025-08-29,DRUMS,1320.000,5.238095
2025-08-29,GAL OIL,2400.000,10.000000
2025-08-29,PAIL,2204.000,7.871429
2025-08-29,QUARTS,642.000,2.547619
2025-09-02,DEF 2*2.5,660.000,3.000000
2025-09-02,DRUMS,880.000,3.492063
2025-09-02,GAL COOL,1212.000,5.611111
2025-09-02,PAIL,1400.000,5.000000
2025-09-02,QUARTS,678.000,2.690476
2025-09-02,TOTES,1325.000,5.155642
2025-09-03,DRUMS,2090.000,8.293651
2025-09-03,GAL COOL,1882.200,8.713889
2025-09-03,GAL OIL,400.000,1.666667
2025-09-03,PAIL,2360.000,8.428571
2025-09-03,QUARTS,720.000,2.857143
2025-09-03,TOTES,795.000,3.093385
2025-09-04,GAL COOL,1260.000,5.833333
2025-09-04,GAL OIL,420.000,1.750000
2025-09-04,PAIL,2680.000,9.571429
2025-09-04,QUARTS,948.000,3.761905
2025-09-04,TOTES,1280.000,4.980545
2025-09-05,DRUMS,1870.000,7.420635
2025-09-05,GAL COOL,823.980,3.814722
2025-09-05,GAL OIL,510.000,2.125000
2025-09-05,PAIL,2290.000,8.178571
2025-09-05,QUARTS,936.000,3.714286
2025-09-05,TOTES,1855.000,7.217899
2025-09-08,DRUMS,2365.000,9.384921
2025-09-08,GAL COOL,2461.980,11.398056
2025-09-08,PAIL,2365.000,8.446429
2025-09-08,QUARTS,780.000,3.095238
2025-09-09,DRUMS,2145.000,8.511905
2025-09-09,GAL OIL,1012.000,4.216667
2025-09-09,PAIL,2300.000,8.214286
2025-09-09,QUARTS,795.000,3.154762
2025-09-10,5QT,1162.500,5.166667
2025-09-10,DRUMS,1870.000,7.420635
2025-09-10,GAL OIL,294.000,1.225000
2025-09-10,PAIL,2260.000,8.071429
2025-09-10,QUARTS,852.000,3.380952
2025-09-11,DRUMS,880.000,3.492063
2025-09-11,GAL OIL,2886.000,12.025000
2025-09-11,PAIL,1765.000,6.303571
2025-09-11,QUARTS,838.500,3.327381
2025-09-11,TOTES,250.000,0.972763
2025-09-12,DRUMS,2420.000,9.603175
2025-09-12,GAL COOL,1374.000,6.361111
2025-09-12,PAIL,2175.000,7.767857
2025-09-12,QUARTS,748.500,2.970238
2025-09-12,TOTES,795.000,3.093385
2025-09-15,DRUMS,2365.000,9.384921
2025-09-15,GAL OIL,1558.000,6.491667
2025-09-15,PAIL,1460.000,5.214286
2025-09-15,QUARTS,900.000,3.571429
2025-09-15,TOTES,345.000,1.342412
2025-09-16,DEF 1*2.5,690.000,3.000000
2025-09-16,DRUMS,825.000,3.273810
2025-09-16,GAL COOL,2850.000,13.194444
2025-09-16,GAL OIL,50.000,0.208333
2025-09-16,PAIL,1020.000,3.642857
2025-09-16,QUARTS,852.000,3.380952
2025-09-17,5QT,547.500,2.433333
2025-09-17,DEF 1*2.5,690.000,3.000000
2025-09-17,DRUMS,2145.000,8.511905
2025-09-17,GAL COOL,1254.000,5.805556
2025-09-17,PAIL,1060.000,3.785714
2025-09-17,QUARTS,516.000,2.047619
2025-09-17,TOTES,160.000,0.622568
2025-09-18,5QT,802.500,3.566667
2025-09-18,DEF 1*2.5,690.000,3.000000
2025-09-18,DRUMS,1155.000,4.583333
2025-09-18,GAL COOL,918.000,4.250000
2025-09-18,PAIL,1260.000,4.500000
2025-09-18,QUARTS,810.000,3.214286
2025-09-18,TOTES,530.000,2.062257
2025-09-19,DEF 1*2.5,1150.000,5.000000
2025-09-19,DRUMS,1650.000,6.547619
2025-09-19,GAL COOL,216.000,1.000000
2025-09-19,GAL OIL,1168.000,4.866667
2025-09-19,PAIL,1005.000,3.589286
2025-09-19,QUARTS,813.000,3.226190
2025-09-22,DEF 1*2.5,690.000,3.000000
2025-09-22,DRUMS,275.000,1.091270
2025-09-22,GAL OIL,1160.000,4.833333
2025-09-22,PAIL,1180.000,4.214286
2025-09-22,QUARTS,630.000,2.500000
2025-09-22,TOTES,6325.000,24.610895
2025-09-23,5QT,900.000,4.000000
2025-09-23,DEF 1*2.5,690.000,3.000000
2025-09-23,DRUMS,1705.000,6.765873
2025-09-23,GAL OIL,504.000,2.100000
2025-09-23,PAIL,2330.000,8.321429
2025-09-23,QUARTS,756.000,3.000000
2025-09-23,TOTES,530.000,2.062257
2025-09-24,5QT,1087.500,4.833333
2025-09-24,DRUMS,2255.000,8.948413
2025-09-24,GAL OIL,404.000,1.683333
2025-09-24,PAIL,980.000,3.500000
2025-09-24,QUARTS,603.000,2.392857
2025-09-25,DRUMS,1265.000,5.019841
2025-09-25,GAL COOL,2340.000,10.833333
2025-09-25,GAL OIL,84.000,0.350000
2025-09-25,PAIL,840.000,3.000000
2025-09-25,QUARTS,942.000,3.738095
2025-09-25,TOTES,1250.000,4.863813
2025-09-26,GAL COOL,2688.000,12.444444
2025-09-26,PAIL,1010.000,3.607143
2025-09-26,QUARTS,723.000,2.869048
2025-09-26,TOTES,3250.000,12.645914
2025-09-29,DRUMS,2035.000,8.075397
2025-09-29,GAL COOL,1080.000,5.000000
2025-09-29,GAL OIL,720.000,3.000000
2025-09-29,PAIL,1340.000,4.785714
2025-09-29,QUARTS,684.000,2.714286
2025-09-29,TOTES,750.000,2.918288
2025-09-30,5QT,225.000,1.000000
2025-09-30,DRUMS,2255.000,8.948413
2025-09-30,GAL COOL,1020.000,4.722222
2025-09-30,GAL OIL,480.000,2.000000
2025-09-30,PAIL,1200.000,4.285714
2025-09-30,QUARTS,789.000,3.130952
2025-09-30,TOTES,1030.000,4.007782
2025-10-01,DRUMS,2915.000,11.567460
2025-10-01,GAL COOL,2736.000,12.666667
2025-10-01,PAIL,1200.000,4.285714
2025-10-01,QUARTS,756.000,3.000000
2025-10-01,TOTES,250.000,0.972763
2025-10-02,DRUMS,2420.000,9.603175
2025-10-02,GAL COOL,2820.000,13.055556
2025-10-02,PAIL,1100.000,3.928571
2025-10-02,QUARTS,816.000,3.238095
2025-10-03,DRUMS,2365.000,9.384921
2025-10-03,GAL COOL,2376.000,11.000000
2025-10-03,PAIL,930.000,3.321429
2025-10-03,QUARTS,900.000,3.571429
2025-10-03,TOTES,250.000,0.972763
2025-10-06,5QT,450.000,2.000000
2025-10-06,DEF 1*2.5,920.000,4.181818
2025-10-06,GAL COOL,2268.000,10.500000
2025-10-06,PAIL,1720.000,6.142857
2025-10-06,QUARTS,426.000,1.690476
2025-10-06,TOTES,2370.000,9.221790
2025-10-07,DEF 1*2.5,920.000,4.181818
2025-10-07,DEF 2*2.5,1760.000,8.000000
2025-10-07,DRUMS,660.000,2.619048
2025-10-07,PAIL,1100.000,3.928571
2025-10-07,QUARTS,783.000,3.107143
2025-10-07,TOTES,2000.000,7.782101
2025-10-08,DRUMS,1705.000,6.765873
2025-10-08,GAL OIL,1248.000,5.546667
2025-10-08,PAIL,1200.000,4.285714
2025-10-08,QUARTS,460.500,1.827381
2025-10-08,TOTES,1855.000,7.217899
2025-10-09,DEF 1*2.5,460.000,2.090909
2025-10-09,DRUMS,2475.000,9.821429
2025-10-09,GAL COOL,2154.000,9.972222
2025-10-09,GAL OIL,472.000,2.097778
2025-10-09,PAIL,1160.000,4.142857
2025-10-09,TOTES,530.000,2.062257
2025-10-10,5QT,1620.000,7.200000
2025-10-10,DEF 1*2.5,690.000,3.136364
2025-10-10,DRUMS,2255.000,8.948413
2025-10-10,GAL COOL,432.000,2.000000
2025-10-10,GAL OIL,124.000,0.551111
2025-10-10,PAIL,975.000,3.482143
2025-10-10,QUARTS,357.000,1.416667
2025-10-10,TOTES,250.000,0.972763
2025-10-13,DRUMS,2365.000,9.384921
2025-10-13,GAL OIL,1160.000,5.155556
2025-10-13,PAIL,1180.000,4.214286
2025-10-13,QUARTS,456.000,1.809524
2025-10-13,TOTES,1500.000,5.836576
2025-10-14,DEF 1*2.5,690.000,3.136364
2025-10-14,DRUMS,1265.000,5.019841
2025-10-14,GAL COOL,1044.000,4.833333
2025-10-14,GAL OIL,320.000,1.422222
2025-10-14,PAIL,1120.000,4.000000
2025-10-14,QUARTS,567.000,2.250000
2025-10-14,TOTES,2000.000,7.782101
2025-10-15,DEF 1*2.5,690.000,3.136364
2025-10-15,DRUMS,275.000,1.091270
2025-10-15,GAL COOL,2106.000,9.750000
2025-10-15,PAIL,1120.000,4.000000
2025-10-15,QUARTS,630.000,2.500000
2025-10-15,TOTES,1310.000,5.097276
2025-10-16,5QT,513.750,2.283333
2025-10-16,DEF 1*2.5,230.000,1.045455
2025-10-16,DRUMS,1320.000,5.238095
2025-10-16,GAL COOL,1368.000,6.333333
2025-10-16,GAL OIL,700.000,3.111111
2025-10-16,PAIL,1225.000,4.375000
2025-10-16,QUARTS,504.000,2.000000
2025-10-16,TOTES,250.000,0.972763
2025-10-17,DRUMS,1320.000,5.238095
2025-10-17,GAL COOL,648.000,3.000000
2025-10-17,GAL OIL,480.000,2.133333
2025-10-17,PAIL,2210.000,7.892857
2025-10-17,QUARTS,555.000,2.202381
2025-10-20,DEF 1*2.5,345.000,1.568182
2025-10-20,DRUMS,275.000,1.091270
2025-10-20,GAL COOL,648.000,3.000000
2025-10-20,GAL OIL,1440.000,6.400000
2025-10-20,PAIL,1235.000,4.410714
2025-10-20,QUARTS,378.000,1.500000
2025-10-20,TOTES,795.000,3.093385
2025-10-21,DEF 1*2.5,460.000,2.090909
2025-10-21,DRUMS,55.000,0.218254
2025-10-21,GAL OIL,1044.000,4.640000
2025-10-21,PAIL,2060.000,7.357143
2025-10-21,QUARTS,507.000,2.011905
2025-10-21,TOTES,250.000,0.972763
2025-10-22,DEF 1*2.5,345.000,1.568182
2025-10-22,DRUMS,330.000,1.309524
2025-10-22,GAL OIL,1440.000,6.400000
2025-10-22,PAIL,2085.000,7.446429
2025-10-22,QUARTS,624.000,2.476190
2025-10-22,TOTES,795.000,3.093385
2025-10-23,DEF 1*2.5,460.000,2.090909
2025-10-23,DRUMS,165.000,0.654762
2025-10-23,GAL COOL,2160.000,10.000000
2025-10-23,PAIL,2045.000,7.303571
2025-10-23,QUARTS,570.000,2.261905
2025-10-24,DEF 1*2.5,230.000,1.045455
2025-10-24,DEF 2*2.5,220.000,1.000000
2025-10-24,DRUMS,1980.000,7.857143
2025-10-24,GAL COOL,1068.000,4.944444
2025-10-24,GAL OIL,220.000,0.977778
2025-10-24,PAIL,1170.000,4.178571
2025-10-24,QUARTS,351.000,1.392857
2025-10-27,DRUMS,1705.000,6.765873
2025-10-27,GAL COOL,1944.000,9.000000
2025-10-27,GAL OIL,260.000,1.155556
2025-10-27,PAIL,1145.000,4.089286
2025-10-27,QUARTS,366.000,1.452381
2025-10-27,TOTES,250.000,0.972763
2025-10-28,DRUMS,1760.000,6.984127
2025-10-28,GAL COOL,2022.000,9.361111
2025-10-28,PAIL,1100.000,3.928571
2025-10-28,QUARTS,324.000,1.285714
2025-10-28,TOTES,795.000,3.093385
2025-10-29,DRUMS,2530.000,10.039683
2025-10-29,GAL COOL,2370.000,10.972222
2025-10-29,PAIL,1245.000,4.446429
2025-10-29,QUARTS,282.000,1.119048
2025-10-29,TOTES,530.000,2.062257
2025-10-30,5QT,787.500,3.500000
2025-10-30,DEF 1*2.5,970.000,4.409091
2025-10-30,DRUMS,1925.000,7.638889
2025-10-30,GAL COOL,696.000,3.222222
2025-10-30,PAIL,1190.000,4.250000
2025-10-30,QUARTS,405.000,1.607143
2025-10-30,TOTES,1060.000,4.124514
2025-10-31,5QT,787.500,3.500000
2025-10-31,DEF 1*2.5,1100.000,5.000000
2025-10-31,DRUMS,2420.000,9.603175
2025-10-31,GAL COOL,1296.000,6.000000
2025-10-31,PAIL,1020.000,3.642857
2025-10-31,QUARTS,444.000,1.761905
2025-11-03,DEF 1*2.5,460.000,2.090909
2025-11-03,DEF 2*2.5,220.000,1.000000
2025-11-03,DRUMS,1485.000,5.892857
2025-11-03,GAL COOL,2208.000,10.222222
2025-11-03,PAIL,1120.000,4.000000
2025-11-03,QUARTS,546.000,2.166667
2025-11-03,TOTES,250.000,0.972763
2025-11-04,DRUMS,1210.000,4.801587
2025-11-04,GAL OIL,1492.000,6.631111
2025-11-04,PAIL,2180.000,7.785714
2025-11-04,QUARTS,471.000,1.869048
2025-11-05,DEF 1*2.5,690.000,3.136364
2025-11-05,DRUMS,1430.000,5.674603
2025-11-05,GAL COOL,1080.000,5.000000
2025-11-05,PAIL,1070.000,3.821429
2025-11-05,QUARTS,420.000,1.666667
2025-11-05,TOTES,265.000,1.031128
2025-11-06,DEF 1*2.5,690.000,3.136364
2025-11-06,DRUMS,495.000,1.964286
2025-11-06,GAL COOL,1992.000,9.222222
2025-11-06,PAIL,1130.000,4.035714
2025-11-06,QUARTS,756.000,3.000000
2025-11-06,TOTES,265.000,1.031128
2025-11-07,5QT,1278.750,5.683333
2025-11-07,DEF 1*2.5,1380.000,6.272727
2025-11-07,DRUMS,275.000,1.091270
2025-11-07,PAIL,1095.000,3.910714
2025-11-07,QUARTS,474.000,1.880952
2025-11-10,5QT,225.000,1.000000
2025-11-10,DEF 1*2.5,690.000,3.136364
2025-11-10,DRUMS,440.000,1.746032
2025-11-10,GAL COOL,1614.000,7.472222
2025-11-10,PAIL,875.000,3.125000
2025-11-10,QUARTS,750.000,2.976190
2025-11-11,DEF 1*2.5,690.000,3.136364
2025-11-11,DRUMS,660.000,2.619048
2025-11-11,GAL COOL,2646.000,12.250000
2025-11-11,QUARTS,867.000,3.440476
2025-11-12,DRUMS,1650.000,6.547619
2025-11-12,GAL COOL,1482.000,6.861111
2025-11-12,PAIL,1080.000,3.857143
2025-11-12,QUARTS,756.000,3.000000
2025-11-12,TOTES,265.000,1.031128
2025-11-13,5QT,450.000,2.000000
2025-11-13,DRUMS,55.000,0.218254
2025-11-13,GAL COOL,1764.000,8.166667
2025-11-13,GAL OIL,240.000,1.066667
2025-11-13,PAIL,1160.000,4.142857
2025-11-13,QUARTS,1218.000,4.833333
2025-11-13,TOTES,250.000,0.972763
2025-11-14,5QT,1350.000,6.000000
2025-11-14,DRUMS,2310.000,9.166667
2025-11-14,GAL OIL,392.000,1.742222
2025-11-14,PAIL,1135.000,4.053571
2025-11-14,QUARTS,1008.000,4.000000
2025-11-14,TOTES,1060.000,4.124514
2025-11-17,5QT,1575.000,7.000000
2025-11-17,DEF 1*2.5,690.000,3.136364
2025-11-17,DRUMS,55.000,0.218254
2025-11-17,PAIL,1125.000,4.017857
2025-11-17,QUARTS,630.000,2.500000
2025-11-17,TOTES,530.000,2.062257
2025-11-18,5QT,450.000,2.000000
2025-11-18,DEF 1*2.5,1150.000,5.227273
2025-11-18,DRUMS,3685.000,14.623016
2025-11-18,GAL COOL,1464.000,6.777778
2025-11-18,QUARTS,892.500,3.541667
2025-11-19,DEF 2*2.5,1320.000,6.000000
2025-11-19,DRUMS,1320.000,5.238095
2025-11-19,GAL COOL,492.000,2.277778
2025-11-19,GAL OIL,720.000,3.200000
2025-11-19,QUARTS,990.000,3.928571
2025-11-20,DEF 1*2.5,230.000,1.045455
2025-11-20,DEF 2*2.5,880.000,4.000000
2025-11-20,DRUMS,715.000,2.837302
2025-11-20,GAL OIL,1528.000,6.791111
2025-11-20,PAIL,900.000,3.214286
2025-11-20,QUARTS,966.000,3.833333
2025-11-20,TOTES,280.000,1.089494
2025-11-21,5QT,630.000,2.800000
2025-11-21,DRUMS,55.000,0.218254
2025-11-21,GAL COOL,2136.000,9.888889
2025-11-21,GAL OIL,200.000,0.888889
2025-11-21,PAIL,285.000,1.017857
2025-11-21,QUARTS,891.000,3.535714
2025-11-21,TOTES,250.000,0.972763
2025-11-24,5QT,382.500,1.700000
2025-11-24,DRUMS,55.000,0.218254
2025-11-24,GAL COOL,2376.000,11.000000
2025-11-24,QUARTS,726.000,2.880952
2025-11-24,TOTES,4750.000,18.482490
2025-11-25,5QT,375.000,1.666667
2025-11-25,DRUMS,660.000,2.619048
2025-11-25,GAL COOL,2034.000,9.416667
2025-11-25,QUARTS,825.000,3.273810
2025-11-25,TOTES,1750.000,6.809339
2025-11-26,5QT,952.500,4.233333
2025-11-26,DRUMS,1980.000,7.857143
2025-11-26,GAL OIL,1440.000,6.400000
2025-11-26,QUARTS,627.000,2.488095
2025-12-01,DRUMS,55.000,0.218254
2025-12-01,GAL COOL,2268.000,10.500000
2025-12-01,PAIL,780.000,2.785714
2025-12-01,QUARTS,294.000,1.166667
2025-12-01,TOTES,1780.000,6.926070
2025-12-02,DRUMS,1925.000,7.638889
2025-12-02,GAL COOL,1134.000,5.250000
2025-12-02,PAIL,1070.000,3.821429
2025-12-02,QUARTS,930.000,3.690476
2025-12-03,5QT,963.750,4.283333
2025-12-03,DEF 1*2.5,690.000,3.136364
2025-12-03,DRUMS,1210.000,4.801587
2025-12-03,PAIL,1200.000,4.285714
2025-12-03,QUARTS,636.000,2.523810
2025-12-03,TOTES,1060.000,4.124514
2025-12-04,DRUMS,2145.000,8.511905
2025-12-04,GAL OIL,1500.000,6.666667
2025-12-04,PAIL,1130.000,4.035714
2025-12-04,QUARTS,342.000,1.357143
2025-12-04,TOTES,780.000,3.035019
2025-12-05,DRUMS,880.000,3.492063
2025-12-05,GAL COOL,1686.000,7.805556
2025-12-05,GAL OIL,480.000,2.133333
2025-12-05,PAIL,834.040,2.978714
2025-12-05,QUARTS,690.000,2.738095
2025-12-05,TOTES,250.000,0.972763
2025-12-08,DEF 1*2.5,460.000,2.090909
2025-12-08,DEF 2*2.5,110.000,0.500000
2025-12-08,DRUMS,2145.000,8.511905
2025-12-08,GAL COOL,1800.000,8.333333
2025-12-08,PAIL,920.000,3.285714
2025-12-08,QUARTS,585.000,2.321429
2025-12-08,TOTES,1920.000,7.470817
2025-12-09,DRUMS,1045.000,4.146825
2025-12-09,GAL COOL,3300.000,15.277778
2025-12-09,GAL OIL,1080.000,4.800000
2025-12-09,PAIL,1344.000,4.800000
2025-12-09,QUARTS,780.000,3.095238
2025-12-10,5QT,1256.250,5.583333
2025-12-10,DRUMS,440.000,1.746032
2025-12-10,GAL COOL,2568.000,11.888889
2025-12-10,GAL OIL,80.000,0.355556
2025-12-10,PAIL,1595.000,5.696429
2025-12-10,QUARTS,852.000,3.380952
2025-12-10,TOTES,250.000,0.972763
2025-12-11,5QT,93.750,0.416667
2025-12-11,DRUMS,1925.000,7.638889
2025-12-11,GAL COOL,3264.000,15.111111
2025-12-11,PAIL,1100.000,3.928571
2025-12-11,QUARTS,720.000,2.857143
2025-12-12,DRUMS,1320.000,5.238095
2025-12-12,GAL COOL,3234.000,14.972222
2025-12-12,GAL OIL,768.000,3.413333
2025-12-12,QUARTS,1002.000,3.976190
2025-12-12,TOTES,1590.000,6.186770
2025-12-15,DRUMS,55.000,0.218254
2025-12-15,GAL COOL,2496.000,11.555556
2025-12-15,GAL OIL,2400.000,10.666667
2025-12-15,PAIL,910.000,3.250000
2025-12-15,QUARTS,885.000,3.511905
2025-12-15,TOTES,500.000,1.945525
2025-12-16,DRUMS,495.000,1.964286
2025-12-16,GAL COOL,1800.000,8.333333
2025-12-16,GAL OIL,1092.000,4.853333
2025-12-16,QUARTS,807.000,3.202381
2025-12-17,DRUMS,550.000,2.182540
2025-12-17,GAL COOL,1908.000,8.833333
2025-12-17,GAL OIL,1048.000,4.657778
2025-12-17,PAIL,1060.000,3.785714
2025-12-17,QUARTS,771.000,3.059524
2025-12-17,TOTES,755.000,2.937743
2025-12-18,DRUMS,220.000,0.873016
2025-12-18,GAL COOL,2135.000,9.884259
2025-12-18,GAL OIL,780.000,3.466667
2025-12-18,PAIL,1215.000,4.339286
2025-12-18,QUARTS,1050.000,4.166667
2025-12-19,5QT,900.000,4.000000
2025-12-19,DRUMS,110.000,0.436508
2025-12-19,GAL COOL,2748.000,12.722222
2025-12-19,PAIL,465.000,1.660714
2025-12-19,QUARTS,996.000,3.952381
2025-12-19,TOTES,1590.000,6.186770
2025-12-22,5QT,506.250,2.250000
2025-12-22,DRUMS,660.000,2.619048
2025-12-22,GAL COOL,1728.000,8.000000
2025-12-22,QUARTS,1158.000,4.595238
2025-12-23,DEF 1*2.5,230.000,1.045455
2025-12-23,DEF 2*2.5,320.000,1.454545
2025-12-23,DRUMS,550.000,2.182540
2025-12-23,GAL COOL,2340.000,10.833333
2025-12-23,GAL OIL,480.000,2.133333
2025-12-23,QUARTS,1134.000,4.500000
2025-12-26,DEF 1*2.5,690.000,3.136364
2025-12-26,DRUMS,275.000,1.091270
2025-12-26,GAL COOL,2160.000,10.000000
2025-12-26,PAIL,675.000,2.410714
2025-12-26,QUARTS,744.000,2.952381
2025-12-26,TOTES,1060.000,4.124514
2025-12-27,DEF 1*2.5,460.000,2.090909
2025-12-27,DRUMS,495.000,1.964286
2025-12-27,GAL OIL,648.000,2.880000
2025-12-27,PAIL,590.000,2.107143
2025-12-27,QUARTS,470.250,1.866071
2025-12-29,DEF 1*2.5,690.000,3.136364
2025-12-29,DRUMS,2860.000,11.349206
2025-12-29,GAL OIL,1564.000,6.951111
2025-12-29,QUARTS,447.000,1.773810
2025-12-29,TOTES,250.000,0.972763
2025-12-30,5QT,1350.000,6.000000
2025-12-30,DRUMS,1100.000,4.365079
2025-12-30,GAL OIL,896.000,3.982222
2025-12-30,QUARTS,552.000,2.190476
2025-12-30,TOTES,250.000,0.972763
2026-01-05,5QT,1575.000,7.000000
2026-01-05,DEF 1*2.5,690.000,3.136364
2026-01-05,DRUMS,660.000,2.619048
2026-01-05,PAIL,810.000,2.892857
2026-01-05,QUARTS,702.000,2.785714
2026-01-05,TOTES,250.000,0.972763
2026-01-06,5QT,450.000,2.000000
2026-01-06,DRUMS,2200.000,8.730159
2026-01-06,GAL COOL,1152.000,5.333333
2026-01-06,GAL OIL,1070.000,4.755556
2026-01-06,QUARTS,335.250,1.330357
2026-01-06,TOTES,2500.000,9.727626
2026-01-07,5QT,675.000,3.000000
2026-01-07,DRUMS,1430.000,5.674603
2026-01-07,GAL COOL,2310.000,10.694444
2026-01-07,GAL OIL,290.000,1.288889
2026-01-07,PAIL,140.000,0.500000
2026-01-07,QUARTS,504.000,2.000000
2026-01-07,TOTES,2330.000,9.066148
2026-01-08,5QT,675.000,3.000000
2026-01-08,DEF 1*2.5,1150.000,5.227273
2026-01-08,DRUMS,330.000,1.309524
2026-01-08,GAL COOL,1188.000,5.500000
2026-01-08,PAIL,910.000,3.250000
2026-01-08,QUARTS,1158.000,4.595238
2026-01-09,DEF 1*2.5,1150.000,5.227273
2026-01-09,DRUMS,110.000,0.436508
2026-01-09,GAL COOL,2376.000,11.000000
2026-01-09,PAIL,945.000,3.375000
2026-01-09,QUARTS,852.000,3.380952
2026-01-09,TOTES,1590.000,6.186770
2026-01-12,5QT,1012.500,4.500000
2026-01-12,DRUMS,275.000,1.091270
2026-01-12,GAL COOL,432.000,2.000000
2026-01-12,GAL OIL,835.000,3.711111
2026-01-12,PAIL,975.000,3.482143
2026-01-12,QUARTS,681.000,2.702381
2026-01-12,TOTES,3000.000,11.673152
2026-01-13,DRUMS,495.000,1.964286
2026-01-13,GAL COOL,2250.000,10.416667
2026-01-13,GAL OIL,807.000,3.586667
2026-01-13,PAIL,1038.000,3.707143
2026-01-13,QUARTS,996.000,3.952381
2026-01-13,TOTES,530.000,2.062257
2026-01-14,DRUMS,1045.000,4.146825
2026-01-14,GAL COOL,2364.000,10.944444
2026-01-14,GAL OIL,692.000,3.075556
2026-01-14,PAIL,370.000,1.321429
2026-01-14,QUARTS,690.000,2.738095
2026-01-14,TOTES,250.000,0.972763
2026-01-15,DEF 1*2.5,1150.000,5.227273
2026-01-15,DRUMS,770.000,3.055556
2026-01-15,GAL COOL,2748.000,12.722222
2026-01-15,QUARTS,1026.000,4.071429
2026-01-15,TOTES,5410.000,21.050584
2026-01-16,DEF 1*2.5,1150.000,5.227273
2026-01-16,GAL COOL,2160.000,10.000000
2026-01-16,PAIL,1280.000,4.571429
2026-01-16,QUARTS,771.000,3.059524
2026-01-19,5QT,1312.500,5.833333
2026-01-19,DRUMS,220.000,0.873016
2026-01-19,GAL OIL,1104.000,4.906667
2026-01-19,PAIL,830.000,2.964286
2026-01-19,QUARTS,894.000,3.547619
2026-01-19,TOTES,1325.000,5.155642
2026-01-20,5QT,1050.000,4.666667
2026-01-20,DRUMS,110.000,0.436508
2026-01-20,GAL OIL,880.000,3.911111
2026-01-20,PAIL,1260.000,4.500000
2026-01-20,QUARTS,987.000,3.916667
2026-01-21,DRUMS,275.000,1.091270
2026-01-21,GAL COOL,2020.000,9.351852
2026-01-21,GAL OIL,816.000,3.626667
2026-01-21,PAIL,1105.000,3.946429
2026-01-21,QUARTS,978.000,3.880952
2026-01-21,TOTES,795.000,3.093385
2026-01-22,5QT,900.000,4.000000
2026-01-22,DRUMS,220.000,0.873016
2026-01-22,GAL COOL,1040.000,4.814815
2026-01-22,GAL OIL,560.000,2.488889
2026-01-22,QUARTS,663.000,2.630952
2026-01-22,TOTES,265.000,1.031128
2026-01-23,DEF 1*2.5,1150.000,5.227273
2026-01-23,DRUMS,55.000,0.218254
2026-01-23,GAL OIL,1180.000,5.244444
2026-01-23,QUARTS,882.000,3.500000
2026-01-23,TOTES,1045.000,4.066148
2026-01-26,DRUMS,220.000,0.873016
2026-01-26,GAL COOL,1962.000,9.083333
2026-01-26,QUARTS,267.000,1.059524
2026-01-26,TOTES,530.000,2.062257
2026-01-27,DRUMS,3960.000,15.714286
2026-01-27,GAL COOL,1062.000,4.916667
2026-01-27,GAL OIL,340.000,1.511111
2026-01-27,PAIL,870.000,3.107143
2026-01-27,QUARTS,543.000,2.154762
2026-01-28,DRUMS,2585.000,10.257937
2026-01-28,GAL OIL,1080.000,4.800000
2026-01-28,PAIL,2320.000,8.285714
2026-01-28,QUARTS,873.000,3.464286
2026-01-29,5QT,1350.000,6.000000
2026-01-29,DRUMS,5445.000,21.607143
2026-01-29,GAL COOL,360.000,1.666667
2026-01-29,QUARTS,1083.000,4.297619
2026-01-29,TOTES,1575.000,6.128405
2026-01-30,5QT,1263.750,5.616667
2026-01-30,DEF 1*2.5,230.000,1.045455
2026-01-30,DEF 2*2.5,510.000,2.318182
2026-01-30,DRUMS,3685.000,14.623016
2026-01-30,GAL COOL,396.000,1.833333
2026-01-30,PAIL,881.200,3.147143
2026-01-30,QUARTS,954.000,3.785714
2026-02-02,5QT,600.000,2.666667
2026-02-02,DEF 2*2.5,80.000,0.363636
2026-02-02,DRUMS,110.000,0.500000
2026-02-02,GAL COOL,1080.000,5.000000
2026-02-02,GAL OIL,506.000,2.108333
2026-02-02,PAIL,651.000,2.325000
2026-02-02,QUARTS,888.000,3.523810
2026-02-02,TOTES,860.000,3.346304
2026-02-03,DRUMS,1705.000,7.750000
2026-02-03,GAL COOL,2160.000,10.000000
2026-02-03,GAL OIL,240.000,1.000000
2026-02-03,PAIL,1335.000,4.767857
2026-02-03,QUARTS,834.000,3.309524
2026-02-04,DRUMS,1650.000,7.500000
2026-02-04,GAL COOL,1944.000,9.000000
2026-02-04,PAIL,1085.000,3.875000
2026-02-04,QUARTS,780.000,3.095238
2026-02-05,DEF 2*2.5,880.000,4.000000
2026-02-05,DRUMS,165.000,0.750000
2026-02-05,GAL COOL,2574.000,11.916667
2026-02-05,GAL OIL,144.000,0.600000
2026-02-05,QUARTS,654.000,2.595238
2026-02-05,TOTES,1265.000,4.922179
2026-02-06,DRUMS,495.000,2.250000
2026-02-06,GAL COOL,2628.000,12.166667
2026-02-06,GAL OIL,336.000,1.400000
2026-02-06,PAIL,1020.000,3.642857
2026-02-06,QUARTS,654.750,2.598214
2026-02-09,DRUMS,1540.000,7.000000
2026-02-09,GAL COOL,3420.000,15.833333
2026-02-09,QUARTS,480.750,1.907738
2026-02-10,DRUMS,330.000,1.500000
2026-02-10,GAL COOL,2106.000,9.750000
2026-02-10,PAIL,925.000,3.303571
2026-02-10,QUARTS,432.000,1.714286
2026-02-11,DRUMS,1045.000,4.750000
2026-02-11,GAL COOL,390.000,1.805556
2026-02-11,GAL OIL,1800.000,7.500000
2026-02-11,QUARTS,570.000,2.261905
2026-02-12,DRUMS,55.000,0.250000
2026-02-12,GAL OIL,772.000,3.216667
2026-02-12,PAIL,1520.000,5.428571
2026-02-12,QUARTS,651.000,2.583333
2026-02-12,TOTES,265.000,1.031128
2026-02-13,DRUMS,1980.000,9.000000
2026-02-13,GAL COOL,2736.000,12.666667
2026-02-13,PAIL,1130.000,4.035714
2026-02-13,QUARTS,774.000,3.071429
2026-02-13,TOTES,265.000,1.031128
2026-02-16,DRUMS,1815.000,8.250000
2026-02-16,GAL COOL,1962.000,9.083333
2026-02-16,GAL OIL,204.000,0.850000
2026-02-16,PAIL,1120.000,4.000000
2026-02-16,QUARTS,675.000,2.678571
2026-02-16,TOTES,250.000,0.972763
2026-02-17,DRUMS,1430.000,6.500000
2026-02-17,GAL COOL,720.000,3.333333
2026-02-17,GAL OIL,440.000,1.833333
2026-02-17,PAIL,1165.000,4.160714
2026-02-17,QUARTS,864.000,3.428571
2026-02-17,TOTES,530.000,2.062257
2026-02-18,DRUMS,550.000,2.500000
2026-02-18,GAL COOL,2664.000,12.333333
2026-02-18,PAIL,1210.000,4.321429
2026-02-18,QUARTS,906.000,3.595238
2026-02-18,TOTES,265.000,1.031128
2026-02-19,DRUMS,880.000,4.000000
2026-02-19,PAIL,1120.000,4.000000
2026-02-19,QUARTS,1008.000,4.000000
2026-02-19,TOTES,7265.000,28.268482
2026-02-20,5QT,1713.750,7.616667
2026-02-20,DRUMS,2090.000,9.500000
2026-02-20,PAIL,905.000,3.232143
2026-02-20,QUARTS,882.000,3.500000
2026-02-20,TOTES,500.000,1.945525
2026-02-23,5QT,562.500,2.500000
2026-02-23,DEF 2*2.5,660.000,3.000000
2026-02-23,DRUMS,3685.000,16.750000
2026-02-23,GAL COOL,156.000,0.722222
2026-02-23,QUARTS,378.000,1.500000
2026-02-24,5QT,225.000,1.000000
2026-02-24,DRUMS,1870.000,8.500000
2026-02-24,GAL OIL,1088.000,4.533333
2026-02-24,QUARTS,549.000,2.178571
2026-02-24,TOTES,795.000,3.093385
2026-02-25,DRUMS,55.000,0.250000
2026-02-25,GAL COOL,3996.000,18.500000
2026-02-25,PAIL,1085.000,3.875000
2026-02-25,QUARTS,724.500,2.875000
2026-02-25,TOTES,265.000,1.031128
2026-02-26,5QT,675.000,3.000000
2026-02-26,DRUMS,1375.000,6.250000
2026-02-26,GAL COOL,216.000,1.000000
2026-02-26,QUARTS,252.000,1.000000
2026-02-27,DRUMS,1045.000,4.750000
2026-02-27,GAL COOL,2652.000,12.277778
2026-02-27,PAIL,900.000,3.214286
2026-02-27,TOTES,530.000,2.062257
2026-03-02,DRUMS,550.000,2.500000
2026-03-02,GAL COOL,3420.000,15.833333
2026-03-02,PAIL,1105.000,3.946429
2026-03-02,TOTES,330.000,1.284047
2026-03-03,DRUMS,660.000,3.000000
2026-03-03,GAL COOL,2682.000,12.416667
2026-03-03,PAIL,1205.000,4.303571
2026-03-03,QUARTS,701.250,2.782738
2026-03-03,TOTES,265.000,1.031128
2026-03-04,DRUMS,275.000,1.250000
2026-03-04,GAL COOL,2808.000,13.000000
2026-03-04,PAIL,1380.000,4.928571
2026-03-04,QUARTS,742.500,2.946429
2026-03-04,TOTES,1060.000,4.124514
2026-03-05,DRUMS,2090.000,9.500000
2026-03-05,GAL COOL,3024.000,14.000000
2026-03-05,PAIL,1280.000,4.571429
2026-03-05,QUARTS,276.000,1.095238
2026-03-05,TOTES,530.000,2.062257
2026-03-06,DRUMS,660.000,3.000000
2026-03-06,GAL COOL,2916.000,13.500000
2026-03-06,QUARTS,756.000,3.000000
2026-03-09,DRUMS,3245.000,14.750000
2026-03-09,GAL COOL,2070.000,9.583333
2026-03-09,QUARTS,448.500,1.779762
2026-03-09,TOTES,515.000,2.003891
2026-03-10,DRUMS,2310.000,10.500000
2026-03-10,GAL COOL,2850.000,13.194444
2026-03-10,PAIL,1260.000,4.500000
2026-03-10,QUARTS,378.000,1.500000
2026-03-10,TOTES,530.000,2.062257
2026-03-11,5QT,1215.000,5.400000
2026-03-11,DRUMS,1980.000,9.000000
2026-03-11,GAL COOL,474.000,2.194444
2026-03-11,PAIL,1210.000,4.321429
2026-03-11,QUARTS,804.000,3.190476
2026-03-12,DEF 1*2.5,2070.000,9.000000
2026-03-12,DRUMS,990.000,4.500000
2026-03-12,PAIL,1370.000,4.892857
2026-03-12,QUARTS,750.000,2.976190
2026-03-13,5QT,1350.000,6.000000
2026-03-13,DRUMS,385.000,1.750000
2026-03-13,GAL COOL,864.000,4.000000
2026-03-13,GAL OIL,240.000,1.000000
2026-03-13,PAIL,1070.000,3.821429
2026-03-13,QUARTS,921.000,3.654762
2026-03-13,TOTES,1855.000,7.217899
2026-03-16,5QT,1350.000,6.000000
2026-03-16,DEF 1*2.5,1150.000,5.000000
2026-03-16,DRUMS,385.000,1.750000
2026-03-16,QUARTS,750.000,2.976190
2026-03-17,5QT,1800.000,8.000000
2026-03-17,GAL OIL,280.000,1.166667
2026-03-17,PAIL,1135.000,4.053571
2026-03-17,QUARTS,837.000,3.321429
2026-03-17,TOTES,530.000,2.062257
2026-03-18,5QT,450.000,2.000000
2026-03-18,DRUMS,495.000,2.250000
2026-03-18,GAL OIL,1332.000,5.550000
2026-03-18,PAIL,2119.400,7.569286
2026-03-18,QUARTS,516.000,2.047619
2026-03-18,TOTES,330.000,1.284047
2026-03-19,DEF 1*2.5,690.000,3.000000
2026-03-19,DRUMS,1870.000,8.500000
2026-03-19,GAL OIL,1604.000,6.683333
2026-03-19,PAIL,1220.000,4.357143
2026-03-19,QUARTS,876.000,3.476190
2026-03-20,DRUMS,3300.000,15.000000
2026-03-20,GAL COOL,1662.000,7.694444
2026-03-20,GAL OIL,480.000,2.000000
2026-03-20,QUARTS,867.000,3.440476
2026-03-23,5QT,1125.000,5.000000
2026-03-23,DRUMS,3245.000,14.750000
2026-03-23,GAL COOL,1296.000,6.000000
2026-03-23,PAIL,1270.000,4.535714
2026-03-23,QUARTS,903.000,3.583333
2026-03-23,TOTES,530.000,2.062257
2026-03-24,5QT,1800.000,8.000000
2026-03-24,DRUMS,3465.000,15.750000
2026-03-24,GAL COOL,432.000,2.000000
2026-03-24,PAIL,1160.000,4.142857
2026-03-24,QUARTS,1095.000,4.345238
2026-03-24,TOTES,780.000,3.035019
2026-03-25,DEF 1*2.5,2400.000,10.434783
2026-03-25,DRUMS,2475.000,11.250000
2026-03-25,PAIL,1305.000,4.660714
2026-03-25,QUARTS,1008.000,4.000000
2026-03-25,TOTES,265.000,1.031128
2026-03-26,DEF 1*2.5,820.000,3.565217
2026-03-26,DRUMS,2970.000,13.500000
2026-03-26,GAL OIL,960.000,4.000000
2026-03-26,PAIL,1280.000,4.571429
2026-03-26,QUARTS,1287.000,5.107143
2026-03-26,TOTES,1310.000,5.097276
2026-03-27,DEF 1*2.5,992.500,4.315217
2026-03-27,DRUMS,3520.000,16.000000
2026-03-27,GAL OIL,1724.000,7.183333
2026-03-27,PAIL,1015.000,3.625000
2026-03-27,QUARTS,69.000,0.273810
2026-03-30,DRUMS,2365.000,10.750000
2026-03-30,GAL COOL,1080.000,5.000000
2026-03-30,GAL OIL,960.000,4.000000
2026-03-30,PAIL,1195.000,4.267857
2026-03-30,QUARTS,336.000,1.333333
2026-03-30,TOTES,1325.000,5.155642
2026-03-31,DRUMS,935.000,4.250000
2026-03-31,GAL COOL,2916.000,13.500000
2026-03-31,QUARTS,924.000,3.666667
2026-03-31,TOTES,3015.000,11.731518
2026-04-01,5QT,1908.750,8.483333
2026-04-01,DRUMS,660.000,3.000000
2026-04-01,QUARTS,774.000,3.071429
2026-04-01,TOTES,6090.000,23.696498
2026-04-02,DRUMS,3025.000,13.750000
2026-04-02,GAL OIL,1912.000,7.966667
2026-04-02,QUARTS,1020.000,4.047619
2026-04-02,TOTES,1325.000,5.155642
2026-04-03,DRUMS,550.000,2.500000
2026-04-03,GAL COOL,2388.000,11.055556
2026-04-03,GAL OIL,320.000,1.333333
2026-04-03,PAIL,1275.000,4.553571
2026-04-03,QUARTS,642.000,2.547619
2026-04-03,TOTES,1590.000,6.186770
2026-04-06,5QT,2025.000,9.000000
2026-04-06,PAIL,1265.000,4.517857
2026-04-06,QUARTS,816.000,3.238095
2026-04-06,TOTES,795.000,3.093385
2026-04-07,5QT,2077.500,9.233333
2026-04-07,DRUMS,1320.000,6.000000
2026-04-07,PAIL,1285.000,4.589286
2026-04-07,QUARTS,816.000,3.238095
2026-04-08,5QT,225.000,1.000000
2026-04-08,DRUMS,220.000,1.000000
2026-04-08,GAL COOL,2940.000,13.611111
2026-04-08,PAIL,1200.000,4.285714
2026-04-08,QUARTS,930.000,3.690476
2026-04-09,DRUMS,880.000,4.000000
2026-04-09,GAL COOL,2616.000,12.111111
2026-04-09,PAIL,1255.000,4.482143
2026-04-09,QUARTS,894.000,3.547619
2026-04-09,TOTES,1810.000,7.042802
2026-04-10,DRUMS,55.000,0.250000
2026-04-10,GAL COOL,2376.000,11.000000
2026-04-10,PAIL,560.000,2.000000
2026-04-10,QUARTS,357.000,1.416667
2026-04-13,DRUMS,990.000,4.500000
2026-04-13,GAL COOL,3054.000,14.138889
2026-04-13,PAIL,1195.000,4.267857
2026-04-13,QUARTS,576.000,2.285714
2026-04-13,TOTES,265.000,1.031128
2026-04-14,5QT,2025.000,9.000000
2026-04-14,DRUMS,1265.000,5.750000
2026-04-14,PAIL,1330.000,4.750000
2026-04-14,QUARTS,477.750,1.895833
2026-04-14,TOTES,265.000,1.031128
2026-04-15,DRUMS,440.000,2.000000
2026-04-15,GAL COOL,2880.000,13.333333
2026-04-15,PAIL,1300.000,4.642857
2026-04-15,QUARTS,775.500,3.077381
2026-04-15,TOTES,530.000,2.062257
2026-04-16,DEF 1*2.5,387.500,1.684783
2026-04-16,DRUMS,2255.000,10.250000
2026-04-16,GAL COOL,1905.000,8.819444
2026-04-16,PAIL,1400.000,5.000000
2026-04-16,QUARTS,516.000,2.047619
2026-04-16,TOTES,530.000,2.062257
2026-04-17,DRUMS,55.000,0.250000
2026-04-17,GAL COOL,1515.000,7.013889
2026-04-17,PAIL,1340.000,4.785714
2026-04-17,QUARTS,996.000,3.952381
2026-04-17,TOTES,715.000,2.782101
2026-04-20,5QT,225.000,1.000000
2026-04-20,DRUMS,1265.000,5.750000
2026-04-20,GAL COOL,2412.000,11.166667
2026-04-20,PAIL,1400.000,5.000000
2026-04-20,QUARTS,492.000,1.952381
2026-04-20,TOTES,265.000,1.031128
2026-04-21,GAL COOL,2610.000,12.083333
2026-04-21,PAIL,1240.000,4.428571
2026-04-21,QUARTS,675.000,2.678571
2026-04-21,TOTES,1750.000,6.809339
2026-04-22,5QT,2025.000,9.000000
2026-04-22,DRUMS,330.000,1.500000
2026-04-22,GAL COOL,216.000,1.000000
2026-04-22,PAIL,350.000,1.250000
2026-04-22,QUARTS,501.000,1.988095
2026-04-22,TOTES,5885.000,22.898833
2026-04-23,DEF 2*2.5,150.000,0.681818
2026-04-23,DRUMS,1155.000,5.250000
2026-04-23,GAL COOL,1620.000,7.500000
2026-04-23,QUARTS,933.000,3.702381
2026-04-24,DEF 2*2.5,1490.000,6.772727
2026-04-24,DRUMS,3960.000,18.000000
2026-04-24,GAL COOL,780.000,3.611111
2026-04-24,QUARTS,798.000,3.166667
2026-04-27,DEF 2*2.5,490.000,2.227273
2026-04-27,DRUMS,660.000,3.000000
2026-04-27,GAL OIL,388.000,1.616667
2026-04-27,PAIL,1485.000,5.303571
2026-04-27,QUARTS,834.000,3.309524
2026-04-28,GAL OIL,1256.000,5.233333
2026-04-28,PAIL,1195.000,4.267857
2026-04-28,QUARTS,963.000,3.821429
2026-04-28,TOTES,4500.000,17.509728
2026-04-29,DRUMS,2035.000,9.250000
2026-04-29,GAL COOL,1728.000,8.000000
2026-04-29,QUARTS,741.000,2.940476
2026-04-30,5QT,708.750,3.150000
2026-04-30,DRUMS,2640.000,12.000000
2026-04-30,GAL COOL,1296.000,6.000000
2026-04-30,PAIL,825.000,2.946429
2026-04-30,QUARTS,918.000,3.642857
2026-04-30,TOTES,250.000,0.972763
2026-05-01,5QT,573.750,2.550000
2026-05-01,DRUMS,1375.000,6.250000
2026-05-01,GAL OIL,872.000,3.633333
2026-05-01,PAIL,950.000,3.392857
2026-05-01,QUARTS,765.000,3.035714
2026-05-01,TOTES,265.000,1.031128
2026-05-04,5QT,637.500,2.833333
2026-05-04,DRUMS,660.000,3.000000
2026-05-04,GAL OIL,760.000,3.166667
2026-05-04,PAIL,1400.000,5.000000
2026-05-04,QUARTS,825.000,3.273810
2026-05-04,TOTES,1250.000,4.863813
2026-05-05,5QT,1800.000,8.000000
2026-05-05,DRUMS,660.000,3.000000
2026-05-05,QUARTS,888.000,3.523810
2026-05-06,DRUMS,2915.000,13.250000
2026-05-06,GAL COOL,1296.000,6.000000
2026-05-06,QUARTS,610.500,2.422619
2026-05-06,TOTES,265.000,1.031128
2026-05-07,5QT,1125.000,5.000000
2026-05-07,DRUMS,220.000,1.000000
2026-05-07,PAIL,370.000,1.321429
2026-05-07,QUARTS,897.000,3.559524
2026-05-08,DRUMS,110.000,0.500000
2026-05-08,GAL COOL,2808.000,13.000000
2026-05-08,QUARTS,1260.000,5.000000
2026-05-08,TOTES,780.000,3.035019
2026-05-11,DRUMS,1980.000,9.000000
2026-05-11,GAL COOL,2772.000,12.833333
2026-05-11,PAIL,950.000,3.392857
2026-05-11,QUARTS,1110.000,4.404762
2026-05-11,TOTES,265.000,1.031128
2026-05-12,5QT,1350.000,6.000000
2026-05-12,DRUMS,2310.000,10.500000
2026-05-12,GAL COOL,324.000,1.500000
2026-05-12,PAIL,1125.000,4.017857
2026-05-12,QUARTS,1158.000,4.595238
